SELECT * FROM 480_final_project.showtime;


insert into theatre VALUES
('tname');


insert into movies VALUES
('The Dark Knight', 'Crime', 153, '2022-12-10'), 
('Dragon Ball Super Broly', 'Anime', 100, '2022-12-10'), 
('The Wolf of Wall Street', 'Comedy', 180, '2022-12-10');


insert into showroom VALUES
('1', 'tname'),
('2', 'tname'),
('3', 'tname'),
('4', 'tname'),
('5', 'tname'),
('6', 'tname'),
('7', 'tname'),
('8', 'tname'),
('9', 'tname');


insert into showtime VALUES
(1, '1', 'tname', 'The Dark Knight', '2022-12-10 02:00:00'), 
(2, '2', 'tname', 'The Dark Knight', '2022-12-10 05:00:00'), 
(3, '3', 'tname', 'The Dark Knight', '2022-12-10 10:00:00'),
(4, '4', 'tname', 'Dragon Ball Super Broly', '2022-12-10 03:00:00'),
(5, '5', 'tname', 'Dragon Ball Super Broly', '2022-12-10 07:00:00'),
(6, '6', 'tname', 'Dragon Ball Super Broly', '2022-12-10 11:00:00'),
(7, '7', 'tname', 'The Wolf of Wall Street', '2022-12-10 11:00:00'),
(8, '8', 'tname', 'The Wolf of Wall Street', '2022-12-10 04:00:00'),
(9, '9', 'tname', 'The Wolf of Wall Street', '2022-12-10 01:00:00');


SET FOREIGN_KEY_CHECKS = 0;


insert into seats  VALUES
(1, 1, 'The Dark Knight', '2022-12-10 02:00:00', '1'),
(2, 1, 'The Dark Knight', '2022-12-10 02:00:00', '1'),
(3, 1, 'The Dark Knight', '2022-12-10 02:00:00', '1'),
(4, 1, 'The Dark Knight', '2022-12-10 02:00:00', '1'),
(5, 1, 'The Dark Knight', '2022-12-10 02:00:00', '1'),
(6, 1, 'The Dark Knight', '2022-12-10 02:00:00', '1'),
(7, 1, 'The Dark Knight', '2022-12-10 02:00:00', '1'),
(8, 1, 'The Dark Knight', '2022-12-10 02:00:00', '1'),
(9, 1, 'The Dark Knight', '2022-12-10 02:00:00', '1'),
(10, 1, 'The Dark Knight', '2022-12-10 02:00:00', '1'),
(11, 1, 'The Dark Knight', '2022-12-10 02:00:00', '1'),
(12, 1, 'The Dark Knight', '2022-12-10 02:00:00', '1'),
(13, 1, 'The Dark Knight', '2022-12-10 02:00:00', '1'),
(14, 1, 'The Dark Knight', '2022-12-10 02:00:00', '1'),
(15, 1, 'The Dark Knight', '2022-12-10 02:00:00', '1'),
(16, 1, 'The Dark Knight', '2022-12-10 02:00:00', '1'),
(17, 1, 'The Dark Knight', '2022-12-10 02:00:00', '1'),
(18, 1, 'The Dark Knight', '2022-12-10 02:00:00', '1'),
(19, 1, 'The Dark Knight', '2022-12-10 02:00:00', '1'),
(20, 1, 'The Dark Knight', '2022-12-10 02:00:00', '1'),

(1, 1, 'The Dark Knight', '2022-12-10 02:00:00', '2'),
(2, 1, 'The Dark Knight', '2022-12-10 05:00:00', '2'),
(3, 1, 'The Dark Knight', '2022-12-10 05:00:00', '2'),
(4, 1, 'The Dark Knight', '2022-12-10 05:00:00', '2'),
(5, 1, 'The Dark Knight', '2022-12-10 05:00:00', '2'),
(6, 1, 'The Dark Knight', '2022-12-10 05:00:00', '2'),
(7, 1, 'The Dark Knight', '2022-12-10 05:00:00', '2'),
(8, 1, 'The Dark Knight', '2022-12-10 05:00:00', '2'),
(9, 1, 'The Dark Knight', '2022-12-10 05:00:00', '2'),
(10, 1, 'The Dark Knight', '2022-12-10 05:00:00', '2'),
(11, 1, 'The Dark Knight', '2022-12-10 05:00:00', '2'),
(12, 1, 'The Dark Knight', '2022-12-10 05:00:00', '2'),
(13, 1, 'The Dark Knight', '2022-12-10 05:00:00', '2'),
(14, 1, 'The Dark Knight', '2022-12-10 05:00:00', '2'),
(15, 1, 'The Dark Knight', '2022-12-10 05:00:00', '2'),
(16, 1, 'The Dark Knight', '2022-12-10 05:00:00', '2'),
(17, 1, 'The Dark Knight', '2022-12-10 05:00:00', '2'),
(18, 1, 'The Dark Knight', '2022-12-10 05:00:00', '2'),
(19, 1, 'The Dark Knight', '2022-12-10 05:00:00', '2'),
(20, 1, 'The Dark Knight', '2022-12-10 05:00:00', '2'),

(1, 1, 'The Dark Knight', '2022-12-10 10:00:00', '3'),
(2, 1, 'The Dark Knight', '2022-12-10 10:00:00', '3'),
(3, 1, 'The Dark Knight', '2022-12-10 10:00:00', '3'),
(4, 1, 'The Dark Knight', '2022-12-10 10:00:00', '3'),
(5, 1, 'The Dark Knight', '2022-12-10 10:00:00', '3'),
(6, 1, 'The Dark Knight', '2022-12-10 10:00:00', '3'),
(7, 1, 'The Dark Knight', '2022-12-10 10:00:00', '3'),
(8, 1, 'The Dark Knight', '2022-12-10 10:00:00', '3'),
(9, 1, 'The Dark Knight', '2022-12-10 10:00:00', '3'),
(10, 1, 'The Dark Knight', '2022-12-10 10:00:00', '3'),
(11, 1, 'The Dark Knight', '2022-12-10 10:00:00', '3'),
(12, 1, 'The Dark Knight', '2022-12-10 10:00:00', '3'),
(13, 1, 'The Dark Knight', '2022-12-10 10:00:00', '3'),
(14, 1, 'The Dark Knight', '2022-12-10 10:00:00', '3'),
(15, 1, 'The Dark Knight', '2022-12-10 10:00:00', '3'),
(16, 1, 'The Dark Knight', '2022-12-10 10:00:00', '3'),
(17, 1, 'The Dark Knight', '2022-12-10 10:00:00', '3'),
(18, 1, 'The Dark Knight', '2022-12-10 10:00:00', '3'),
(19, 1, 'The Dark Knight', '2022-12-10 10:00:00', '3'),
(20, 1, 'The Dark Knight', '2022-12-10 10:00:00', '3'),


(1, 1, 'Dragon Ball Super Broly', '2022-12-10 03:00:00', '4'),
(2, 1, 'Dragon Ball Super Broly', '2022-12-10 03:00:00', '4'),
(3, 1, 'Dragon Ball Super Broly', '2022-12-10 03:00:00', '4'),
(4, 1, 'Dragon Ball Super Broly', '2022-12-10 03:00:00', '4'),
(5, 1, 'Dragon Ball Super Broly', '2022-12-10 03:00:00', '4'),
(6, 1, 'Dragon Ball Super Broly', '2022-12-10 03:00:00', '4'),
(7, 1, 'Dragon Ball Super Broly', '2022-12-10 03:00:00', '4'),
(8, 1, 'Dragon Ball Super Broly', '2022-12-10 03:00:00', '4'),
(9, 1, 'Dragon Ball Super Broly', '2022-12-10 03:00:00', '4'),
(10, 1, 'Dragon Ball Super Broly', '2022-12-10 03:00:00', '4'),
(11, 1, 'Dragon Ball Super Broly', '2022-12-10 03:00:00', '4'),
(12, 1, 'Dragon Ball Super Broly', '2022-12-10 03:00:00', '4'),
(13, 1, 'Dragon Ball Super Broly', '2022-12-10 03:00:00', '4'),
(14, 1, 'Dragon Ball Super Broly', '2022-12-10 03:00:00', '4'),
(15, 1, 'Dragon Ball Super Broly', '2022-12-10 03:00:00', '4'),
(16, 1, 'Dragon Ball Super Broly', '2022-12-10 03:00:00', '4'),
(17, 1, 'Dragon Ball Super Broly', '2022-12-10 03:00:00', '4'),
(18, 1, 'Dragon Ball Super Broly', '2022-12-10 03:00:00', '4'),
(19, 1, 'Dragon Ball Super Broly', '2022-12-10 03:00:00', '4'),
(20, 1, 'Dragon Ball Super Broly', '2022-12-10 03:00:00', '4'),

(1, 1, 'Dragon Ball Super Broly', '2022-12-10 07:00:00', '5'),
(2, 1, 'Dragon Ball Super Broly', '2022-12-10 07:00:00', '5'),
(3, 1, 'Dragon Ball Super Broly', '2022-12-10 07:00:00', '5'),
(4, 1, 'Dragon Ball Super Broly', '2022-12-10 07:00:00', '5'),
(5, 1, 'Dragon Ball Super Broly', '2022-12-10 07:00:00', '5'),
(6, 1, 'Dragon Ball Super Broly', '2022-12-10 07:00:00', '5'),
(7, 1, 'Dragon Ball Super Broly', '2022-12-10 07:00:00', '5'),
(8, 1, 'Dragon Ball Super Broly', '2022-12-10 07:00:00', '5'),
(9, 1, 'Dragon Ball Super Broly', '2022-12-10 07:00:00', '5'),
(10, 1, 'Dragon Ball Super Broly', '2022-12-10 07:00:00', '5'),
(11, 1, 'Dragon Ball Super Broly', '2022-12-10 07:00:00', '5'),
(12, 1, 'Dragon Ball Super Broly', '2022-12-10 07:00:00', '5'),
(13, 1, 'Dragon Ball Super Broly', '2022-12-10 07:00:00', '5'),
(14, 1, 'Dragon Ball Super Broly', '2022-12-10 07:00:00', '5'),
(15, 1, 'Dragon Ball Super Broly', '2022-12-10 07:00:00', '5'),
(16, 1, 'Dragon Ball Super Broly', '2022-12-10 07:00:00', '5'),
(17, 1, 'Dragon Ball Super Broly', '2022-12-10 07:00:00', '5'),
(18, 1, 'Dragon Ball Super Broly', '2022-12-10 07:00:00', '5'),
(19, 1, 'Dragon Ball Super Broly', '2022-12-10 07:00:00', '5'),
(20, 1, 'Dragon Ball Super Broly', '2022-12-10 07:00:00', '5'),

(1, 1, 'Dragon Ball Super Broly', '2022-12-10 11:30:00', '6'),
(2, 1, 'Dragon Ball Super Broly', '2022-12-10 11:30:00', '6'),
(3, 1, 'Dragon Ball Super Broly', '2022-12-10 11:30:00', '6'),
(4, 1, 'Dragon Ball Super Broly', '2022-12-10 11:30:00', '6'),
(5, 1, 'Dragon Ball Super Broly', '2022-12-10 11:30:00', '6'),
(6, 1, 'Dragon Ball Super Broly', '2022-12-10 11:30:00', '6'),
(7, 1, 'Dragon Ball Super Broly', '2022-12-10 11:30:00', '6'),
(8, 1, 'Dragon Ball Super Broly', '2022-12-10 11:30:00', '6'),
(9, 1, 'Dragon Ball Super Broly', '2022-12-10 11:30:00', '6'),
(10, 1, 'Dragon Ball Super Broly', '2022-12-10 11:30:00', '6'),
(11, 1, 'Dragon Ball Super Broly', '2022-12-10 11:30:00', '6'),
(12, 1, 'Dragon Ball Super Broly', '2022-12-10 11:30:00', '6'),
(13, 1, 'Dragon Ball Super Broly', '2022-12-10 11:30:00', '6'),
(14, 1, 'Dragon Ball Super Broly', '2022-12-10 11:30:00', '6'),
(15, 1, 'Dragon Ball Super Broly', '2022-12-10 11:30:00', '6'),
(16, 1, 'Dragon Ball Super Broly', '2022-12-10 11:30:00', '6'),
(17, 1, 'Dragon Ball Super Broly', '2022-12-10 11:30:00', '6'),
(18, 1, 'Dragon Ball Super Broly', '2022-12-10 11:30:00', '6'),
(19, 1, 'Dragon Ball Super Broly', '2022-12-10 11:30:00', '6'),
(20, 1, 'Dragon Ball Super Broly', '2022-12-10 11:30:00', '6'),


(1, 1, 'The Wolf of Wall Street', '2022-12-10 11:00:00', '7'),
(2, 1, 'The Wolf of Wall Street', '2022-12-10 11:00:00', '7'),
(3, 1, 'The Wolf of Wall Street', '2022-12-10 11:00:00', '7'),
(4, 1, 'The Wolf of Wall Street', '2022-12-10 11:00:00', '7'),
(5, 1, 'The Wolf of Wall Street', '2022-12-10 11:00:00', '7'),
(6, 1, 'The Wolf of Wall Street', '2022-12-10 11:00:00', '7'),
(7, 1, 'The Wolf of Wall Street', '2022-12-10 11:00:00', '7'),
(8, 1, 'The Wolf of Wall Street', '2022-12-10 11:00:00', '7'),
(9, 1, 'The Wolf of Wall Street', '2022-12-10 11:00:00', '7'),
(10, 1, 'The Wolf of Wall Street', '2022-12-10 11:00:00', '7'),
(11, 1, 'The Wolf of Wall Street', '2022-12-10 11:00:00', '7'),
(12, 1, 'The Wolf of Wall Street', '2022-12-10 11:00:00', '7'),
(13, 1, 'The Wolf of Wall Street', '2022-12-10 11:00:00', '7'),
(14, 1, 'The Wolf of Wall Street', '2022-12-10 11:00:00', '7'),
(15, 1, 'The Wolf of Wall Street', '2022-12-10 11:00:00', '7'),
(16, 1, 'The Wolf of Wall Street', '2022-12-10 11:00:00', '7'),
(17, 1, 'The Wolf of Wall Street', '2022-12-10 11:00:00', '7'),
(18, 1, 'The Wolf of Wall Street', '2022-12-10 11:00:00', '7'),
(19, 1, 'The Wolf of Wall Street', '2022-12-10 11:00:00', '7'),
(20, 1, 'The Wolf of Wall Street', '2022-12-10 11:00:00', '7'),

(1, 1, 'The Wolf of Wall Street', '2022-12-10 04:00:00', '8'),
(2, 1, 'The Wolf of Wall Street', '2022-12-10 04:00:00', '8'),
(3, 1, 'The Wolf of Wall Street', '2022-12-10 04:00:00', '8'),
(4, 1, 'The Wolf of Wall Street', '2022-12-10 04:00:00', '8'),
(5, 1, 'The Wolf of Wall Street', '2022-12-10 04:00:00', '8'),
(6, 1, 'The Wolf of Wall Street', '2022-12-10 04:00:00', '8'),
(7, 1, 'The Wolf of Wall Street', '2022-12-10 04:00:00', '8'),
(8, 1, 'The Wolf of Wall Street', '2022-12-10 04:00:00', '8'),
(9, 1, 'The Wolf of Wall Street', '2022-12-10 04:00:00', '8'),
(10, 1, 'The Wolf of Wall Street', '2022-12-10 04:00:00', '8'),
(11, 1, 'The Wolf of Wall Street', '2022-12-10 04:00:00', '8'),
(12, 1, 'The Wolf of Wall Street', '2022-12-10 04:00:00', '8'),
(13, 1, 'The Wolf of Wall Street', '2022-12-10 04:00:00', '8'),
(14, 1, 'The Wolf of Wall Street', '2022-12-10 04:00:00', '8'),
(15, 1, 'The Wolf of Wall Street', '2022-12-10 04:00:00', '8'),
(16, 1, 'The Wolf of Wall Street', '2022-12-10 04:00:00', '8'),
(17, 1, 'The Wolf of Wall Street', '2022-12-10 04:00:00', '8'),
(18, 1, 'The Wolf of Wall Street', '2022-12-10 04:00:00', '8'),
(19, 1, 'The Wolf of Wall Street', '2022-12-10 04:00:00', '8'),
(20, 1, 'The Wolf of Wall Street', '2022-12-10 04:00:00', '8'),

(1, 1, 'The Wolf of Wall Street', '2022-12-10 01:00:00', '9'),
(2, 1, 'The Wolf of Wall Street', '2022-12-10 01:00:00', '9'),
(3, 1, 'The Wolf of Wall Street', '2022-12-10 01:00:00', '9'),
(4, 1, 'The Wolf of Wall Street', '2022-12-10 01:00:00', '9'),
(5, 1, 'The Wolf of Wall Street', '2022-12-10 01:00:00', '9'),
(6, 1, 'The Wolf of Wall Street', '2022-12-10 01:00:00', '9'),
(7, 1, 'The Wolf of Wall Street', '2022-12-10 01:00:00', '9'),
(8, 1, 'The Wolf of Wall Street', '2022-12-10 01:00:00', '9'),
(9, 1, 'The Wolf of Wall Street', '2022-12-10 01:00:00', '9'),
(10, 1, 'The Wolf of Wall Street', '2022-12-10 01:00:00', '9'),
(11, 1, 'The Wolf of Wall Street', '2022-12-10 01:00:00', '9'),
(12, 1, 'The Wolf of Wall Street', '2022-12-10 01:00:00', '9'),
(13, 1, 'The Wolf of Wall Street', '2022-12-10 01:00:00', '9'),
(14, 1, 'The Wolf of Wall Street', '2022-12-10 01:00:00', '9'),
(15, 1, 'The Wolf of Wall Street', '2022-12-10 01:00:00', '9'),
(16, 1, 'The Wolf of Wall Street', '2022-12-10 01:00:00', '9'),
(17, 1, 'The Wolf of Wall Street', '2022-12-10 01:00:00', '9'),
(18, 1, 'The Wolf of Wall Street', '2022-12-10 01:00:00', '9'),
(19, 1, 'The Wolf of Wall Street', '2022-12-10 01:00:00', '9'),
(20, 1, 'The Wolf of Wall Street', '2022-12-10 01:00:00', '9');

SELECT * FROM 480_final_project.showtime;